Name,Sequence (5' to 3'),Notes
CROPseq-PrimeF-BgL-BsmBI,GAGCCTCGTCTCCCACCGNNNNNNNNNNNNNNNNNNNNGTTTTGAGACGCATGCTGCA,The N20 sequence is a random string of oligonucleotides
CROPseq-RevExt-BgL-BsmBI,TGCAGCATGCGTCTCAAAAC,
CM-FWD-S1-PASx0,TCGTCGGCAGCGTCAGATGTGTATAAGAGACAGCTTGTGGAAAGGACGAAACAC,
CM-FWD-S1-PASx4,TCGTCGGCAGCGTCAGATGTGTATAAGAGACAGGCAACTTGTGGAAAGGACGAAACAC,
CM-FWD-S1-PASx7,TCGTCGGCAGCGTCAGATGTGTATAAGAGACAGAGCCACCCTTGTGGAAAGGACGAAACAC,
CM-FWD-S1-PASx8,TCGTCGGCAGCGTCAGATGTGTATAAGAGACAGTAGTGAATCTTGTGGAAAGGACGAAACAC,
CM-REV-S1,GTCTCGTGGGCTCGGAGATGTGTATAAGAGACAGGGACTAGCCTTATTTTAACTTGCTATTTCTAGCTC,
CM-FWD-S2-i5,AATGATACGGCGACCACCGAGATCTACACNNNNNNNNTCGTCGGCAGCGTC,The N8 sequence is where the i5 Illumina index should be placed
CM-REV-S2-i7,CAAGCAGAAGACGGCATACGAGATNNNNNNNNGTCTCGTGGGCTCGG,The N8 sequence is where the i7 Illumina index should be placed
BgN20-AB-fwd,TACTCGACCAAGAACCGCANNNNNNNNNNNNNNNNNNNNAGGTGGATTAGTTCTCT,Insert barcode in place of N20
BgN20-AB-rev,AAGCAGAGAACTAATCCACCTNNNNNNNNNNNNNNNNNNNNTGCGGTTCTTGGTCG,Insert reverse-complement barcode in place of N20
BgN20-BC-fwd,GCTTGTCCTGCGGTTACCCNNNNNNNNNNNNNNNNNNNNAGGCTGTAATCCAGCTG,Insert barcode in place of N20
BgN20-BC-rev,AGCGCAGCTGGATTACAGCCTNNNNNNNNNNNNNNNNNNNNGGGTAACCGCAGGAC,Insert reverse-complement barcode in place of N20
BgN20-CD-fwd,CGCTGTGGTATCACTCGTCNNNNNNNNNNNNNNNNNNNNAGGCTCAGCTAAGGTGC,Insert barcode in place of N20
BgN20-CD-rev,CATTGCACCTTAGCTGAGCCTNNNNNNNNNNNNNNNNNNNNGACGAGTGATACCAC,Insert reverse-complement barcode in place of N20

