ClonMapper-REV-i7-7-396,caagcagaagacggcatacgagatTCGAAACTgtctcgtgggctcgg
ClonMapper-REV-i7-7-397,caagcagaagacggcatacgagatAGAGGTTCgtctcgtgggctcgg
ClonMapper-REV-i7-7-398,caagcagaagacggcatacgagatCACTGGGCgtctcgtgggctcgg
ClonMapper-REV-i7-7-399,caagcagaagacggcatacgagatAGCTGTCAgtctcgtgggctcgg
ClonMapper-REV-i7-7-400,caagcagaagacggcatacgagatGGGTGATGgtctcgtgggctcgg
ClonMapper-REV-i7-7-401,caagcagaagacggcatacgagatTACTCCAGgtctcgtgggctcgg
ClonMapper-REV-i7-7-402,caagcagaagacggcatacgagatCCCGGATCgtctcgtgggctcgg
ClonMapper-REV-i7-7-403,caagcagaagacggcatacgagatCAGGTGTTgtctcgtgggctcgg
ClonMapper-REV-i7-7-404,caagcagaagacggcatacgagatAACGTCACgtctcgtgggctcgg
ClonMapper-REV-i7-7-405,caagcagaagacggcatacgagatTTTCCTGTgtctcgtgggctcgg
ClonMapper-REV-i7-7-406,caagcagaagacggcatacgagatCAGAGCACgtctcgtgggctcgg
ClonMapper-REV-i7-7-407,caagcagaagacggcatacgagatCCAGGTACgtctcgtgggctcgg
ClonMapper-REV-i7-7-408,caagcagaagacggcatacgagatTTTGCGCTgtctcgtgggctcgg
ClonMapper-REV-i7-7-409,caagcagaagacggcatacgagatAGGGCGTTgtctcgtgggctcgg
ClonMapper-REV-i7-7-410,caagcagaagacggcatacgagatCCGTACGCgtctcgtgggctcgg
ClonMapper-REV-i7-7-411,caagcagaagacggcatacgagatAATCTGGCgtctcgtgggctcgg
ClonMapper-REV-i7-7-412,caagcagaagacggcatacgagatTCTGCTATgtctcgtgggctcgg
ClonMapper-REV-i7-7-413,caagcagaagacggcatacgagatATCATCTCgtctcgtgggctcgg
ClonMapper-REV-i7-7-414,caagcagaagacggcatacgagatAGACGGGCgtctcgtgggctcgg
ClonMapper-REV-i7-7-415,caagcagaagacggcatacgagatCAGGCGAAgtctcgtgggctcgg
ClonMapper-REV-i7-7-416,caagcagaagacggcatacgagatGGAGCTAGgtctcgtgggctcgg
ClonMapper-REV-i7-7-417,caagcagaagacggcatacgagatCCGGCATAgtctcgtgggctcgg
ClonMapper-REV-i7-7-418,caagcagaagacggcatacgagatCCAACATTgtctcgtgggctcgg
ClonMapper-REV-i7-7-419,caagcagaagacggcatacgagatTATCCGATgtctcgtgggctcgg
ClonMapper-REV-i7-7-420,caagcagaagacggcatacgagatGTCACTATgtctcgtgggctcgg
ClonMapper-REV-i7-7-421,caagcagaagacggcatacgagatCAGGGAGCgtctcgtgggctcgg
ClonMapper-REV-i7-7-422,caagcagaagacggcatacgagatAATTGACTgtctcgtgggctcgg
ClonMapper-REV-i7-7-423,caagcagaagacggcatacgagatAGCGTATTgtctcgtgggctcgg
ClonMapper-REV-i7-7-424,caagcagaagacggcatacgagatACGAAGTTgtctcgtgggctcgg
ClonMapper-REV-i7-7-425,caagcagaagacggcatacgagatGGCAGTTCgtctcgtgggctcgg
ClonMapper-REV-i7-7-426,caagcagaagacggcatacgagatACAATGCTgtctcgtgggctcgg
ClonMapper-REV-i7-7-427,caagcagaagacggcatacgagatTCCTGGTCgtctcgtgggctcgg
ClonMapper-REV-i7-7-428,caagcagaagacggcatacgagatAATGCTGTgtctcgtgggctcgg
ClonMapper-REV-i7-7-429,caagcagaagacggcatacgagatTGCAGAACgtctcgtgggctcgg
ClonMapper-REV-i7-7-430,caagcagaagacggcatacgagatCCGGACAGgtctcgtgggctcgg
ClonMapper-REV-i7-7-431,caagcagaagacggcatacgagatCGCTTGACgtctcgtgggctcgg
ClonMapper-REV-i7-7-432,caagcagaagacggcatacgagatTGAGCGAAgtctcgtgggctcgg
ClonMapper-REV-i7-7-433,caagcagaagacggcatacgagatAACTAAGAgtctcgtgggctcgg
ClonMapper-REV-i7-7-434,caagcagaagacggcatacgagatCGAGTGGTgtctcgtgggctcgg
ClonMapper-REV-i7-7-435,caagcagaagacggcatacgagatATCGTTCTgtctcgtgggctcgg
ClonMapper-REV-i7-7-436,caagcagaagacggcatacgagatTACGGGATgtctcgtgggctcgg
ClonMapper-REV-i7-7-437,caagcagaagacggcatacgagatCGTCCAGCgtctcgtgggctcgg
ClonMapper-REV-i7-7-438,caagcagaagacggcatacgagatATCAATCAgtctcgtgggctcgg
ClonMapper-REV-i7-7-439,caagcagaagacggcatacgagatCATTTGGGgtctcgtgggctcgg
ClonMapper-REV-i7-7-440,caagcagaagacggcatacgagatATGCGAATgtctcgtgggctcgg
ClonMapper-REV-i7-7-441,caagcagaagacggcatacgagatTCTTGACGgtctcgtgggctcgg
ClonMapper-REV-i7-7-442,caagcagaagacggcatacgagatGGTCGAAGgtctcgtgggctcgg
ClonMapper-REV-i7-7-443,caagcagaagacggcatacgagatGTCGTCTGgtctcgtgggctcgg
ClonMapper-FWD-i5-5-444,aatgatacggcgaccaccgagatctacacATCGTAGGtcgtcggcagcgtc
ClonMapper-FWD-i5-5-445,aatgatacggcgaccaccgagatctacacGCGCAGACtcgtcggcagcgtc
ClonMapper-FWD-i5-5-446,aatgatacggcgaccaccgagatctacacAATTGCGGtcgtcggcagcgtc
ClonMapper-FWD-i5-5-447,aatgatacggcgaccaccgagatctacacCCTACGGGtcgtcggcagcgtc
ClonMapper-FWD-i5-5-448,aatgatacggcgaccaccgagatctacacTGCTATATtcgtcggcagcgtc
ClonMapper-FWD-i5-5-449,aatgatacggcgaccaccgagatctacacAACCGAACtcgtcggcagcgtc
ClonMapper-FWD-i5-5-450,aatgatacggcgaccaccgagatctacacACCTGCTTtcgtcggcagcgtc
ClonMapper-FWD-i5-5-451,aatgatacggcgaccaccgagatctacacCCCATGCGtcgtcggcagcgtc
ClonMapper-FWD-i5-5-452,aatgatacggcgaccaccgagatctacacATCTGGGAtcgtcggcagcgtc
ClonMapper-FWD-i5-5-453,aatgatacggcgaccaccgagatctacacTAGACAATtcgtcggcagcgtc
ClonMapper-FWD-i5-5-454,aatgatacggcgaccaccgagatctacacTTCTTCCTtcgtcggcagcgtc
ClonMapper-FWD-i5-5-455,aatgatacggcgaccaccgagatctacacCACCTAAAtcgtcggcagcgtc
ClonMapper-FWD-i5-5-456,aatgatacggcgaccaccgagatctacacGTACTCGCtcgtcggcagcgtc
ClonMapper-FWD-i5-5-457,aatgatacggcgaccaccgagatctacacTAACCAGTtcgtcggcagcgtc
ClonMapper-FWD-i5-5-458,aatgatacggcgaccaccgagatctacacCGGAAACTtcgtcggcagcgtc
ClonMapper-FWD-i5-5-459,aatgatacggcgaccaccgagatctacacGCTGAGAAtcgtcggcagcgtc
ClonMapper-FWD-i5-5-460,aatgatacggcgaccaccgagatctacacATGTCTTAtcgtcggcagcgtc
ClonMapper-FWD-i5-5-461,aatgatacggcgaccaccgagatctacacTCACGCCTtcgtcggcagcgtc
ClonMapper-FWD-i5-5-462,aatgatacggcgaccaccgagatctacacGCAACAGCtcgtcggcagcgtc
ClonMapper-FWD-i5-5-463,aatgatacggcgaccaccgagatctacacATCGTCTCtcgtcggcagcgtc
ClonMapper-FWD-i5-5-464,aatgatacggcgaccaccgagatctacacCCTTGTGAtcgtcggcagcgtc
ClonMapper-FWD-i5-5-465,aatgatacggcgaccaccgagatctacacCTCACCATtcgtcggcagcgtc
ClonMapper-FWD-i5-5-466,aatgatacggcgaccaccgagatctacacCAAATTCTtcgtcggcagcgtc
ClonMapper-FWD-i5-5-467,aatgatacggcgaccaccgagatctacacCTCCTCACtcgtcggcagcgtc
ClonMapper-FWD-i5-5-468,aatgatacggcgaccaccgagatctacacATGTGCAAtcgtcggcagcgtc
ClonMapper-FWD-i5-5-469,aatgatacggcgaccaccgagatctacacGCAAATGTtcgtcggcagcgtc
ClonMapper-FWD-i5-5-470,aatgatacggcgaccaccgagatctacacACGCATGGtcgtcggcagcgtc
ClonMapper-FWD-i5-5-471,aatgatacggcgaccaccgagatctacacACACCACCtcgtcggcagcgtc
ClonMapper-FWD-i5-5-472,aatgatacggcgaccaccgagatctacacCACGCTGAtcgtcggcagcgtc
ClonMapper-FWD-i5-5-473,aatgatacggcgaccaccgagatctacacTCCCAGCCtcgtcggcagcgtc
ClonMapper-FWD-i5-5-474,aatgatacggcgaccaccgagatctacacCTATTCGTtcgtcggcagcgtc
ClonMapper-FWD-i5-5-475,aatgatacggcgaccaccgagatctacacGAGCCATTtcgtcggcagcgtc
ClonMapper-FWD-i5-5-476,aatgatacggcgaccaccgagatctacacATTAATCGtcgtcggcagcgtc
ClonMapper-FWD-i5-5-477,aatgatacggcgaccaccgagatctacacGAAGGAGCtcgtcggcagcgtc
ClonMapper-FWD-i5-5-478,aatgatacggcgaccaccgagatctacacGATTACAAtcgtcggcagcgtc
ClonMapper-FWD-i5-5-479,aatgatacggcgaccaccgagatctacacATTTGAAGtcgtcggcagcgtc
ClonMapper-FWD-i5-5-480,aatgatacggcgaccaccgagatctacacACTTGCCAtcgtcggcagcgtc
ClonMapper-FWD-i5-5-481,aatgatacggcgaccaccgagatctacacAGGAATTGtcgtcggcagcgtc
ClonMapper-FWD-i5-5-482,aatgatacggcgaccaccgagatctacacCTATTACAtcgtcggcagcgtc
ClonMapper-FWD-i5-5-483,aatgatacggcgaccaccgagatctacacTAGGGACCtcgtcggcagcgtc
ClonMapper-FWD-i5-5-484,aatgatacggcgaccaccgagatctacacAGAAGACCtcgtcggcagcgtc
ClonMapper-FWD-i5-5-485,aatgatacggcgaccaccgagatctacacCGTAACAGtcgtcggcagcgtc
ClonMapper-FWD-i5-5-486,aatgatacggcgaccaccgagatctacacACCCATAAtcgtcggcagcgtc
ClonMapper-FWD-i5-5-487,aatgatacggcgaccaccgagatctacacCACCATTGtcgtcggcagcgtc
ClonMapper-FWD-i5-5-488,aatgatacggcgaccaccgagatctacacTTAGCTATtcgtcggcagcgtc
ClonMapper-FWD-i5-5-489,aatgatacggcgaccaccgagatctacacAACAACCCtcgtcggcagcgtc
ClonMapper-FWD-i5-5-490,aatgatacggcgaccaccgagatctacacGTTACTGTtcgtcggcagcgtc
ClonMapper-FWD-i5-5-491,aatgatacggcgaccaccgagatctacacCCGAGCACtcgtcggcagcgtc
